{
  "IsEncrypted": false,
  "Values": {
    "WEBSITE_SLOT_NAME": "Production",
    "FUNCTIONS_EXTENSION_VERSION": "~3",
    "ScmType": "None",
    "WEBSITE_AUTH_ENABLED": "False",
    "REMOTEDEBUGGINGVERSION": "16.0.30709.132",
    "FUNCTIONS_RUNTIME_SCALE_MONITORING_ENABLED": "0",
    "dataService_RootManageSharedAccessKey_SERVICEBUS": "Endpoint=sb://dataservice.servicebus.windows.net/;SharedAccessKeyName=RootManageSharedAccessKey;SharedAccessKey=XNTSVIGcAsGCv+RQVWHgCOP3y85TB2iVro3/NlYD2CA=",
    "WEBSITE_NODE_DEFAULT_VERSION": "14.16.0",
    "WEBSITE_CONTENTAZUREFILECONNECTIONSTRING": "DefaultEndpointsProtocol=https;AccountName=storageaccountdatab8347;AccountKey=jlVz8ElIHUc0CmoLyARpgLNP8ericbFK3rTZCF2ug03pUMrp7ZWsQoJMF8SOYNdpEm/ULwI/OLPaqS8ebhM5hQ==;EndpointSuffix=core.windows.net",
    "WEBSITE_CONTENTSHARE": "get-data-from-bus9d29",
    "WEBSITE_AUTH_AUTO_AAD": "False",
    "databus-db": "AccountEndpoint=https://databus-db.documents.azure.com:443/;AccountKey=9xvmfAVD0jF5QidWAFJe2WFVFOv3xjJvIxsqrBGPpJlMMSqTwikpaVuVUnf4eHBext654XShwsyYsYioxSUz3w==;",
    "AzureWebJobsStorage": "DefaultEndpointsProtocol=https;AccountName=storageaccountdatab8347;AccountKey=jlVz8ElIHUc0CmoLyARpgLNP8ericbFK3rTZCF2ug03pUMrp7ZWsQoJMF8SOYNdpEm/ULwI/OLPaqS8ebhM5hQ==;EndpointSuffix=core.windows.net",
    "FUNCTIONS_WORKER_RUNTIME": "node",
    "WEBSITE_SITE_NAME": "get-data-from-bus",
    "AzureWebJobs.MyCollectionTrigger.Disabled": "1",
    "WEBSITE_AUTH_LOGOUT_PATH": "/.auth/logout"
  }
}